design,exp_id,treat_mean,control_mean,gte_hat,transfer_ratio_mean,overshoot_ratio_mean,wape_corrected,wpe_corrected,me_corrected,detail_df,transfer_ratio_mean_all_exps,overshoot_ratio_mean_all_exps
GC,0,,16.55031647792056,,0.2984995655785574,0.6227171428571429,0.43832926606631917,0.001270762021068839,0.001739214638122475,"        store_id  product_id item_key  time_idx          dt  sale_amount  \
0              0         104    0_104        90  2024-06-26     2.833257   
1              0         104    0_104        91  2024-06-27     2.843155   
2              0         104    0_104        92  2024-06-28     2.900000   
3              0         104    0_104        93  2024-06-29     5.200000   
4              0         104    0_104        94  2024-06-30     7.195094   
...          ...         ...      ...       ...         ...          ...   
349995         9          93     9_93        92  2024-06-28     0.300000   
349996         9          93     9_93        93  2024-06-29     0.680000   
349997         9          93     9_93        94  2024-06-30     1.400000   
349998         9          93     9_93        95  2024-07-01     0.751690   
349999         9          93     9_93        96  2024-07-02     0.819257   

        exp_id  W dist_type    mu  sigma         S         I  S_unconstraint  \
0            0  0    normal  2.60    0.0  2.600951  0.000000        2.600951   
1            0  0    normal  3.40    0.0  2.996235  0.000000        3.400951   
2            0  0    normal  3.00    0.0  3.000951  0.153080        3.000951   
3            0  0    normal  2.10    0.0  2.100951  0.100951        2.100951   
4            0  0    normal  3.20    0.0  3.200951  0.000000        3.200951   
...        ... ..       ...   ...    ...       ...       ...             ...   
349995       0  0    normal  0.70    0.0  0.000000  0.000000        0.700951   
349996       0  0    normal  0.70    0.0  0.700951  0.000000        0.700951   
349997       0  0    normal  0.50    0.0  0.500951  0.020951        0.500951   
349998       0  0    normal  0.48    0.0  0.000000  0.000000        0.480951   
349999       0  0    normal  0.50    0.0  0.500951  0.000000        0.500951   

          D_true  realized      reward  
0       2.833257  2.600951  112.855286  
1       2.843155  2.843155   93.445953  
2       2.900000  2.900000  108.738777  
3       5.200000  2.100951  117.133644  
4       7.195094  3.200951  132.647415  
...          ...       ...         ...  
349995  0.300000  0.000000    0.000000  
349996  0.680000  0.680000   18.350225  
349997  1.400000  0.500951   14.604964  
349998  0.751690  0.000000    0.000000  
349999  0.819257  0.500951   12.022831  

[350000 rows x 17 columns]",0.2984995655785574,0.6227171428571429
