scenario,N,T,capacity_factor,B,GTE,design,estimator,n_rep,mean_estimate,mean_IPW,bias,se_mean,ci_low,ci_high,leftover_delta,mean_leftover_GT,mean_leftover_GC,GTE_pass,mean_lambda,max_lambda,capacity_binding_rate,lower_bound_active_rate,margin_violation_rate,item_margin_violation_fraction,estimated_lower_support_negative_rate,no_overshoot_violation_rate,mean_capacity_gap,max_capacity_gap,bias_BR_minus_SW
2,3000,60,0.85,384289.941347189,23.93597035785558,BR,diff_in_means,300,28.926490717441734,28.926490717441734,4.990520359586153,0.049823907095181204,4.892865501679598,5.088175217492708,-2.5192558203895787,6.50357182706978,9.022827647459359,True,3.5771688888509052,3.6587137661957665,1.0,0.0,0.0,0.0,0.0,0.0,5.4973901973830325e-14,3.2984341184298196e-12,-0.10141194382669028
2,3000,60,0.85,384289.941347189,23.93597035785558,IR,diff_in_means,300,23.887518430263402,23.887518430263402,-0.04845192759217909,0.2905832611127558,-0.6179951193731804,0.5210912641888222,-2.5192558203895787,6.50357182706978,9.022827647459359,True,3.577613011655432,3.659755622067831,1.0,0.0,0.0,0.0,0.0,0.0,8.407773243056404e-14,5.044663945833842e-12,-0.10141194382669028
2,3000,60,0.85,384289.941347189,23.93597035785558,SW,diff_in_means,300,29.027902661268424,29.027902661268424,5.091932303412843,0.06325778753336607,4.967947039847446,5.2159175669782405,-2.5192558203895787,6.50357182706978,9.022827647459359,True,3.5772795720558617,3.6810473097413356,1.0,0.0,0.0,0.0,0.0,0.0,5.174014303419325e-14,2.9103830456733705e-12,-0.10141194382669028
2,3000,60,1.0,452105.8133496342,20.153583646450215,BR,diff_in_means,300,24.229509029916482,24.229509029916482,4.0759253834662665,0.06089829173502026,3.956564731665627,4.195286035266906,-2.0177139707165495,21.278765819822983,23.296479790539532,True,0.014148078314134498,0.08337145720352329,0.5015,0.0,0.0,0.0,0.0,0.0,270.5176400912349,1571.0569230641606,0.19209277392450375
2,3000,60,1.0,452105.8133496342,20.153583646450215,IR,diff_in_means,300,20.58669865745811,20.58669865745811,0.43311501100789584,0.3117296950600397,-0.17787519130978202,1.0441052133255737,-2.0177139707165495,21.278765819822983,23.296479790539532,True,0.014299538745259873,0.08273905302726267,0.5025,0.0,0.0,0.0,0.0,0.0,266.59090866771044,1553.9690529326533,0.19209277392450375
2,3000,60,1.0,452105.8133496342,20.153583646450215,SW,diff_in_means,300,24.037416255991978,24.037416255991978,3.883832609541763,0.13611031331831772,3.61705639543786,4.1506088236456655,-2.0177139707165495,21.278765819822983,23.296479790539532,True,0.01014332935728198,0.1040129470228955,0.49944444444444447,0.0,0.0,0.0,0.0,0.0,191.46542805370376,1938.429529628347,0.19209277392450375
2,3000,60,1.1,497316.3946845976,20.05112027917039,BR,diff_in_means,300,24.27107048542185,24.27107048542185,4.219950206251458,0.05978781588589409,4.102766087115105,4.33713432538781,-2.110613513415185,21.281241038028785,23.39185455144397,True,0.0,0.0,0.0,0.0,0.0,0.0,0.0,0.0,45213.14457754812,46743.150689761394,0.04823776515004141
2,3000,60,1.1,497316.3946845976,20.05112027917039,IR,diff_in_means,300,20.222025817806824,20.222025817806824,0.17090553863643265,0.31072500803152225,-0.4381154771053509,0.7799265543782162,-2.110613513415185,21.281241038028785,23.39185455144397,True,0.0,0.0,0.0,0.0,0.0,0.0,0.0,0.0,45215.04096656735,46772.77171990801,0.04823776515004141
2,3000,60,1.1,497316.3946845976,20.05112027917039,SW,diff_in_means,300,24.222832720271807,24.222832720271807,4.171712441101416,0.13174387082957634,3.9134944542754466,4.429930427927386,-2.110613513415185,21.281241038028785,23.39185455144397,True,0.0,0.0,0.0,0.0,0.0,0.0,0.0,0.0,45220.58058518029,47175.04156304621,0.04823776515004141
